score,l_pol,r_pol,valence,song,,,,,,,,l_pol_old,r_pol_old
1,330,337.5567227,0.782,body shop,,,,,,,,0,-2.289915966
1,354.2916667,313.4873512,0.446,volcano,,,,,,,,-7.361111111,5.003832973
2,266.2,308.1309524,0.556,dragging me down,,,,,,,,19.33333333,6.626984127
2,165,295.7319712,0.652,yesteryear,,,,,,,,50,10.38425117
2,289.8137188,347.8121093,0.71,situations,,,,,,,,12.17766096,-5.397608873
2,291.5,305.4117647,0.251,other plans,,,,,,,,11.66666667,7.450980392
2,272.7222222,299.9612403,0.269,black swan,,,,,,,,17.35690236,9.102654451
2,330,305.6281225,0.0687,ruthless gravity,,,,,,,,0,7.385417428
2,340.5722222,283.0614796,0.537,100 ships,,,,,,,,-3.203703704,14.22379406
2,381.15,283.3919706,0.688,bad poetry,,,,,,,,-15.5,14.12364527
2,280.3559524,308.1278711,0.786,amelia,,,,,,,,15.04365079,6.627917834
2,258.5516917,280.0524412,0.639,big heavy,,,,,,,,21.65100251,15.13562387
2,380.5607143,322.0192308,0.545,bomb the blocks,,,,,,,,-15.32142857,2.418414918
2,326.6821429,305.0886583,0.0745,ykk,,,,,,,,1.005411255,7.548891424
3,359.8504616,315.1275405,0.386,blue dahlia,,,,,,,,-9.045594428,4.506805909
3,239.7331731,306.4182432,0.706,shine all day,,,,,,,,27.35358392,7.145986896
3,561,324.325,0.491,i just wanna make you,,,,,,,,-70,1.71969697
3,285.0527778,313.5604031,0.413,smith hill,,,,,,,,13.62037037,4.981696019
3,292.875,290.2847331,0.111,no sound but the wind,,,,,,,,11.25,12.03492936
3,314.875,271.25,0.326,messages,,,,,,,,4.583333333,17.8030303
3,594,278.1673785,0.474,hysteria,,,,,,,,-80,15.706855
3,379.0833333,314.25,0.599,galaxy song,,,,,,,,-14.87373737,4.772727273
3,235.5,303.502551,0.555,seeing stars,,,,,,,,28.63636364,8.029529994
3,236.9010417,279.1490555,0.722,light love,,,,,,,,28.21180556,15.40937712
3,337.474359,341.4015819,0.179,college town,,,,,,,,-2.264957265,-3.455024808
3,302.328125,308.0917614,0.368,almost persuaded,,,,,,,,8.385416667,6.638860193
3,264.4230769,285.8486674,0.335,all the beautiful things,,,,,,,,19.87179487,13.3791917
3,330,307.0970865,0.0673,burns night,,,,,,,,0,6.940276828
3,237.5625,310.1304945,0.553,nyc beat,,,,,,,,28.01136364,6.021062271
3,342.0573192,297.1643241,0.754,fire in the canyon,,,,,,,,-3.653733098,9.950204813
3,279.1526228,332.4455645,0.441,middle management,,,,,,,,15.40829613,-0.741080156
3,401.2555556,323.368285,0.816,trump,,,,,,,,-21.59259259,2.009610615
4,362.5912162,284.2056397,0.422,the invitation,,,,,,,,-9.876126126,13.87707887
4,323.4,289.1214623,0.215,a life astray,,,,,,,,2,12.38743568
4,264,298.4390756,0.275,lonely as america,,,,,,,,20,9.563916476
4,330,298.28852,0.678,spitting image,,,,,,,,0,9.609539397
4,258.5,287.4375661,0.603,side of the road,,,,,,,,21.66666667,12.89770723
4,330,279.2565247,0.217,mountains of moscow,,,,,,,,0,15.37681069
4,333.6666667,313.5362723,0.473,careless,,,,,,,,-1.111111111,4.989008387
4,339.7807018,262.5628205,0.238,the rat,,,,,,,,-2.963849016,20.43550894
4,375.7875,263.7289952,0.498,shades of ruinous blue,,,,,,,,-13.875,20.08212268
4,276.0238095,261.245,0.503,so brand new,,,,,,,,16.35642136,20.83484848
4,193.8746459,299.387483,0.761,louie louie,,,,,,,,41.25010731,9.276520305
4,310.2,297.8756892,0.392,lately lonely,,,,,,,,6,9.734639629
4,413.7375,286.6799355,0.7,december,,,,,,,,-25.375,13.12729227
4,328.923913,314.547619,0.16,change,,,,,,,,0.326086957,4.682539683
4,306.3497288,302.103355,0.577,basket case,,,,,,,,7.166748849,8.453528794
4,273.625,275.2164044,0.399,seeing hands,,,,,,,,17.08333333,16.60108959
4,315.4166667,276.5377506,0.144,overnight,,,,,,,,4.419191919,16.20068163
4,379.5982143,321.1859713,0.253,in the beginning,,,,,,,,-15.0297619,2.670917792
4,363,313.2961672,0.15,s4,,,,,,,,-10,5.061767501
4,314.8991228,309.5502924,0.689,dirty night clowns,,,,,,,,4.576023392,6.196881092
4,310.2,284.7703571,0.182,salt in game,,,,,,,,6,13.70595238
4,303.3759259,283.8888126,0.449,always love,,,,,,,,8.067901235,13.9730871
4,312.73,310.4357143,0.813,awake,,,,,,,,5.233333333,5.928571429
4,403.6456044,330.4079993,0.452,antimatter,,,,,,,,-22.31684982,-0.123636145
4,287.478125,298.6691682,0.617,high school lover,,,,,,,,12.88541667,9.494191463
4,369.1111111,317.6656642,0.625,get off,,,,,,,,-11.85185185,3.737677527
4,165,270.0064579,0.257,chico,,,,,,,,50,18.17986123
4,330,303.3313008,0.0399,sunday 8pm,,,,,,,,0,8.081423996
4,341.495872,326.6857952,0.43,my darling,,,,,,,,-3.483597566,1.004304487
4,387.0465116,299.4937888,0.511,black roses,,,,,,,,-17.28682171,9.244306418
4,263.8035714,277.1838542,0.316,the cusp the wane,,,,,,,,20.05952381,16.00489268
4,346.4388889,308.8096241,0.925,affection training,,,,,,,,-4.981481481,6.421326021
4,391.6130952,291.7896599,0.73,money dealers,,,,,,,,-18.67063492,11.57889095
5,169.7142857,305.9284148,0.394,apples,,,,,,,,48.57142857,7.294419762
5,330,267.8592437,0.0573,lux aeterna,,,,,,,,0,18.83053221
5,352.2916667,307.3943369,0.828,little bribes,,,,,,,,-6.755050505,6.850200941
5,314.6785714,271.2824074,0.306,starlight,,,,,,,,4.642857143,17.79320988
5,334.6884492,311.6962203,0.338,white lilies white lies,,,,,,,,-1.420742171,5.546599909
5,340.2666667,278.8133333,0.0955,drug a wheel,,,,,,,,-3.111111111,15.51111111
5,484,300.7259779,0.788,going out,,,,,,,,-46.66666667,8.870915791
5,377.6370968,324.70625,0.612,pariah,,,,,,,,-14.43548387,1.604166667
5,295.7216216,275.4421569,0.768,dark sunglasses,,,,,,,,10.38738739,16.53267974
5,328.3958333,317.2040816,0.818,black soap,,,,,,,,0.486111111,3.87755102
5,287.1358418,292.4408602,0.287,royal t,,,,,,,,12.98913884,11.38155751
5,321.8664021,302.1474444,0.752,stack shot billy,,,,,,,,2.464726631,8.44016835
5,341.4583333,297.7338435,0.198,i am young,,,,,,,,-3.472222222,9.77762317
5,363.3402778,299.3817927,0.37,heartbreak hotel,,,,,,,,-10.10311448,9.278244631
5,308,315.2698195,0.172,broken joystick,,,,,,,,6.666666667,4.463691071
5,400.9553881,283.4221296,0.868,hungover and horny,,,,,,,,-21.50163277,14.11450617
5,399.5892857,310.3536967,0.245,done all wrong,,,,,,,,-21.08766234,5.95342523
5,297,284.3453947,0.234,escape artist blues,,,,,,,,10,13.83472887
5,321.3571429,328.1501107,0.127,heaven how long,,,,,,,,2.619047619,0.560572502
5,286.1018519,311.2572917,0.117,funeral beds,,,,,,,,13.30246914,5.679608586
5,372.625,264.1488095,0.128,the letter,,,,,,,,-12.91666667,19.9549062
5,333.3846154,327.4352381,0.516,100 punks,,,,,,,,-1.025641026,0.777200577
5,185.625,279.8696092,0.708,can you feel,,,,,,,,43.75,15.19102753
5,237.2857143,272.2303922,0.59,growing up with gnr,,,,,,,,28.0952381,17.50594177
5,330,274.3063616,0.81,danse en france,,,,,,,,0,16.87686012
5,314.3684211,330.1455026,0.48,back again,,,,,,,,4.736842105,-0.044091711
5,283.5,289.0477343,0.217,i still wonder,,,,,,,,14.09090909,12.4097775
5,326.8402778,275.5839827,0.671,no fiction,,,,,,,,0.957491582,16.48970222
5,416.4285714,289.8068783,0.236,acid bubble,,,,,,,,-26.19047619,12.17973385
5,286.4583333,269.1384409,0.777,hey hey hey,,,,,,,,13.19444444,18.44289671
5,330,289.085119,0.054,that knot unties,,,,,,,,0,12.39844877
5,385.9821429,301.5847303,0.499,human remains,,,,,,,,-16.96428571,8.610687782
5,309.3240741,295.8691485,0.339,michelle,,,,,,,,6.265432099,10.34268227
5,264,316.8743207,0.49,chain,,,,,,,,20,3.97747859
5,376.5477941,304.9924603,0.321,fire,,,,,,,,-14.10539216,7.578042328
5,259.564951,289.1818681,0.805,love long distance,,,,,,,,21.34395425,12.36913087
5,363,286.0823129,0.172,open,,,,,,,,-10,13.30839002
5,330,276.8467262,0.284,te amo,,,,,,,,0,16.10705267
5,273.3958333,299.7475275,0.461,remain,,,,,,,,17.15277778,9.167415917
5,316.3875,316.632672,0.245,alala,,,,,,,,4.125,4.050705467
5,210.815,288.8220238,0.0378,a beautiful mine,,,,,,,,36.11666667,12.4781746
5,339.35,296.884256,0.357,katherine kiss me,,,,,,,,-2.833333333,10.03507395
5,394.4212963,279.3861739,0.765,shotgun,,,,,,,,-19.52160494,15.33752305
5,274.9466518,291.6651389,0.539,body shot,,,,,,,,16.68283279,11.61662458
5,293.9583333,301.5158333,0.527,anything new,,,,,,,,10.92171717,8.631565657
5,330,259.1808511,0.212,12,,,,,,,,0,21.46034816
5,283.8,276.0403439,0.594,witch,,,,,,,,14,16.35141093
5,272.7083333,264.39375,0.73,sing sang sung,,,,,,,,17.36111111,19.88068182
5,283.9652015,256.4501728,0.726,walking on the dream,,,,,,,,13.94993895,22.28782642
5,330,287.1344955,0.04,ingrid is a hybrid,,,,,,,,0,12.98954683
5,330,273.0015664,0.843,something else,,,,,,,,0,17.2722526
5,315.6090226,299.8741319,0.667,trapped,,,,,,,,4.360902256,9.129050926
5,165,286.1178571,0.559,caterpillar house,,,,,,,,50,13.29761905
5,206.4183673,272.8493108,0.416,in the city,,,,,,,,37.44897959,17.31839067
5,270.7222222,300.5710784,0.857,season song,,,,,,,,17.96296296,8.917855021
5,307.6494253,291.1411017,0.744,easy way out,,,,,,,,6.772901428,11.77542373
5,396,294.7030341,0.672,twirl,,,,,,,,-20,10.69605027
5,234.625,294.0806277,0.419,up for the crack,,,,,,,,28.90151515,10.88465827
5,278.8703704,289.4445513,0.0516,veda 1 pierce dr,,,,,,,,15.49382716,12.28952991
5,436.326,279.125,0.736,mad man song,,,,,,,,-32.22,15.41666667
5,299.8984127,302.072479,0.393,action action,,,,,,,,9.121693122,8.462885154
5,150.5625,292.306994,0.264,love misery,,,,,,,,54.375,11.42212302
5,315.8571429,288.4248016,0.966,in the morning,,,,,,,,4.285714286,12.59854497
5,351.3888889,312.1388889,0.591,probably should have,,,,,,,,-6.481481481,5.412457912
5,225.5,318.7385204,0.782,radar detector,,,,,,,,31.66666667,3.412569573
5,363.6875,269.8524052,0.44,everybody on,,,,,,,,-10.20833333,18.22654386
5,242.5424063,284.9822368,0.23,sore,,,,,,,,26.50230112,13.64174641
5,416.625,292.271757,0.559,secret 77,,,,,,,,-26.25,11.43280092
5,326.9652015,287.1094577,0.456,night day,,,,,,,,0.91963592,12.99713404
5,309.9642857,267.5416023,0.154,halo,,,,,,,,6.071428571,18.92678718
5,298.6666667,303.3469196,0.365,the beheading of a king,,,,,,,,9.494949495,8.076691017
5,223.4170387,314.4268849,0.512,stay dreaming,,,,,,,,32.29786706,4.719125782
5,298.375,275.4860293,0.361,if i were me,,,,,,,,9.583333333,16.51938505
5,336.1875,304.7544163,0.599,drawing flies,,,,,,,,-1.875,7.650176884
5,365.8518519,305.307465,0.0815,turn down for what,,,,,,,,-10.86419753,7.482586368
5,311.1710526,291.5416667,0.915,we live as we dream alone,,,,,,,,5.705741627,11.6540404
5,132,295.4129586,0.47,ngamila,,,,,,,,60,10.48092163
5,148.5,269.2132479,0.121,chromium bitch,,,,,,,,55,18.42022792
5,440.6111111,313.4556878,0.0729,lilacs,,,,,,,,-33.51851852,5.01342793
5,247.5,292.8162496,0.913,default,,,,,,,,25,11.26780314
5,330,267.3333333,0.165,on,,,,,,,,0,18.98989899
5,375.6296296,292.6766091,0.567,pay for it,,,,,,,,-13.82716049,11.31011845
5,364.3550725,267.0784524,0.342,crossfire,,,,,,,,-10.41062802,19.06713564
5,247.5455487,306.9862805,0.606,worm waltz,,,,,,,,24.98619738,6.973854398
5,357.4583333,287.6084565,0.449,burning the cow,,,,,,,,-8.320707071,12.84592228
5,269.9222222,266.3202179,0.441,as time breaks off,,,,,,,,18.20538721,19.29690366
5,295.2277778,309.9940476,0.0355,swans,,,,,,,,10.53703704,6.062409812
5,345.75,296.0595238,0.316,nowhere massachusetts,,,,,,,,-4.772727273,10.28499278
5,278.0380952,275.1665385,0.8,tarnished gold,,,,,,,,15.74603175,16.61620047
5,246.7142857,296.094888,0.277,hey you,,,,,,,,25.23809524,10.27427638
5,332.2261905,261.5676994,0.491,ghosts n stuff,,,,,,,,-0.674603175,20.7370608
5,376.6071429,305.0248087,0.186,hum,,,,,,,,-14.12337662,7.568239796
5,331.2222222,272.771627,0.363,33,,,,,,,,-0.37037037,17.34193122
5,325.0073529,272.5245641,0.361,becomes dark blue,,,,,,,,1.512923351,17.41679877
5,279.8766667,302.3332324,0.854,under control,,,,,,,,15.18888889,8.383868956
5,176.7800481,274.8762333,0.735,there goes my love,,,,,,,,46.43028846,16.70417172
5,275,290.3980455,0.791,to susan on the west coast waiting,,,,,,,,16.66666667,12.00059228
5,297,272.92129,0.123,insoluble,,,,,,,,10,17.2965788
5,300.85,265.7708333,0.413,utmost good,,,,,,,,8.833333333,19.46338384
5,275.4583333,287.3748855,0.0401,out for the west,,,,,,,,16.52777778,12.91670135
5,330,290.6957672,0.164,candy shoppe,,,,,,,,0,11.91037358
5,329.7053571,292.4108193,0.268,flick of the finger,,,,,,,,0.089285714,11.39066081
5,326.8125,283.0204307,0.475,peace,,,,,,,,0.965909091,14.23623313
5,330,254.9007599,0.0322,it comes back again,,,,,,,,0,22.75734549
5,209,278.6454493,0.845,lucky today,,,,,,,,36.66666667,15.56198506
5,229.4642857,281.5047872,0.776,rock me gently,,,,,,,,30.46536797,14.69551902
5,462,288.037408,0.433,suddenly the living are dying,,,,,,,,-40,12.71593698
5,284.1666667,294.4910714,0.802,we want in,,,,,,,,13.88888889,10.76028139
5,246.7948718,290.4166667,0.15,anything you love,,,,,,,,25.21367521,11.99494949
6,330,291.5714286,0.5,tephra,,,,,,,,0,11.64502165
6,227.3333333,248.8517442,0.294,wildflower,,,,,,,,31.11111111,24.59038055
6,304.1041667,285.1676727,0.242,top tim rubies,,,,,,,,7.847222222,13.58555373
6,219.2413793,290.9289867,0.784,she is love,,,,,,,,33.56321839,11.839701
6,307.0178571,265.1358418,0.78,re make re model,,,,,,,,6.964285714,19.6558055
6,264.3055556,271.9466998,0.242,no hope,,,,,,,,19.90740741,17.59190915
6,390.8153547,324.2692901,0.253,under sad stars,,,,,,,,-18.42889537,1.73657875
6,219.0714286,288.5170215,0.6,corrina,,,,,,,,33.61471861,12.57059954
6,316.4117647,292.3401361,0.462,top bunk,,,,,,,,4.117647059,11.41207998
6,258.0285714,260.3628663,0.294,my love,,,,,,,,21.80952381,21.10216173
6,283.3035714,287.8686756,0.632,not if you were the last dandy on earth,,,,,,,,14.1504329,12.767068
6,230.0222222,294.8630952,0.719,beatles,,,,,,,,30.2962963,10.6475469
6,443.1428571,278.1464738,0.277,sad eyes,,,,,,,,-34.28571429,15.71318976
6,276.375,257.9897479,0.0985,white cell,,,,,,,,16.25,21.82128852
6,285,259.8085678,0.162,dangerzone,,,,,,,,13.63636364,21.27013096
6,285.7010582,319.4427002,0.666,all eyes on me,,,,,,,,13.42392176,3.199181771
6,277.7403509,332.5374317,0.466,fall back,,,,,,,,15.83625731,-0.768918695
6,316.4638889,263.5461039,0.166,20 20,,,,,,,,4.101851852,20.13754427
6,363.9166667,272.102708,0.587,chasing,,,,,,,,-10.27777778,17.54463394
6,256.587594,262.5524068,0.597,for the love,,,,,,,,22.24618364,20.4386646
6,382.1190476,306.4372863,0.13,invisible leader,,,,,,,,-15.79365079,7.140216265
6,277.9184028,287.3228923,0.272,knight moves,,,,,,,,15.78230219,12.93245689
6,331.2375,312.9432506,0.241,heavenly metals,,,,,,,,-0.375,5.168711938
6,295.0428571,274.8818491,0.82,wind,,,,,,,,10.59307359,16.70246997
6,346.5,283.4004121,0.114,cut the grass,,,,,,,,-5,14.12108725
6,289.575,279.8718112,0.211,dim the lights,,,,,,,,12.25,15.19036024
6,276.6133333,265.4619296,0.226,bitchslut,,,,,,,,16.17777778,19.55699104
6,272.6086957,278.4799894,0.907,love spells,,,,,,,,17.39130435,15.61212442
6,250.6875,293.3603968,0.746,intro weekend warrior,,,,,,,,24.03409091,11.10291005
6,361.0434783,306.2077663,0.746,video killed the radio star,,,,,,,,-9.407114625,7.209767783
6,385.3055556,307.0978261,0.593,city song,,,,,,,,-16.75925926,6.940052701
6,336.372412,289.6479592,0.467,what your life like 2,,,,,,,,-1.931033942,12.22789116
6,410.6666667,293.1041667,0.293,crossing borders,,,,,,,,-24.44444444,11.18055556
6,238.6851852,293.4906312,0.387,calling in the name of love,,,,,,,,27.671156,11.0634451
6,260.5759804,276.1297852,0.406,hanging from above,,,,,,,,21.0375817,16.3243075
6,332.6888889,294.5447765,0.244,stoned alone,,,,,,,,-0.814814815,10.74400713
6,407.3347826,320.5903829,0.569,lost weekend,,,,,,,,-23.43478261,2.851399131
6,165,287.6763271,0.482,raindrops,,,,,,,,50,12.82535543
6,269.8424908,271.546131,0.533,girl like you,,,,,,,,18.22954823,17.71329365
6,322.7583333,315.0740403,0.606,maroon bible,,,,,,,,2.194444444,4.523018082
6,326.4577381,242.2570685,0.403,hey joe,,,,,,,,1.073412698,26.58876714
6,274.2846791,297.5591061,0.183,we were never built to last,,,,,,,,16.88343058,9.83057391
6,352.1590909,283.0738273,0.579,the prowl,,,,,,,,-6.714876033,14.22005234
6,168.8671875,269.2245238,0.631,det haster,,,,,,,,48.828125,18.41681097
6,248.9887218,284.437518,0.143,bows my way,,,,,,,,24.54887218,13.80681272
6,132,279.1827278,0.512,archangel,,,,,,,,60,15.39917338
6,518.1,274.2536443,0.878,lip,,,,,,,,-57,16.89283506
6,330,276.0677593,0.243,with me,,,,,,,,0,16.34310324
6,280.5231092,263.9830729,0.951,thirsty man,,,,,,,,14.9929972,20.00512942
6,271.3141534,265.6078869,0.768,walked in,,,,,,,,17.78358987,19.51276154
6,221.309,272.5191327,0.4,gifted,,,,,,,,32.93666667,17.41844465
6,381.432711,289.2947436,0.154,like this,,,,,,,,-15.58567001,12.33492618
6,314.0892857,275.3367347,0.492,believe,,,,,,,,4.821428571,16.56462585
6,316.525,324.9430091,0.119,bruto bloody bruto,,,,,,,,4.083333333,1.532421479
6,311.9285714,279.6068525,0.297,running to stand still,,,,,,,,5.476190476,15.27065076
6,249.7458333,316.8471726,0.179,super natural,,,,,,,,24.31944444,3.985705267
6,376.75,301.6738338,0.296,moving visions,,,,,,,,-14.16666667,8.583686721
6,270.2857143,287.5103896,0.133,play by play,,,,,,,,18.0952381,12.87563951
6,336.46875,301.2393043,0.317,lights on,,,,,,,,-1.960227273,8.715362329
6,313.5,294.6710271,0.311,a dream,,,,,,,,5,10.70574935
6,346.5,297.7414286,0.669,apples oranges,,,,,,,,-5,9.775324675
6,343.5189076,311.0884127,0.687,battle for asgard,,,,,,,,-4.096638655,5.730784031
6,272.25,290.7,0.0386,that home,,,,,,,,17.5,11.90909091
6,297.3214286,271.2159864,0.245,little little little,,,,,,,,9.902597403,17.81333746
6,258.5,279.105,0.429,i can buy you,,,,,,,,21.66666667,15.42272727
6,236.0666667,261.0205382,0.723,the shy retirer,,,,,,,,28.46464646,20.90286721
6,317.8146552,287.8506118,0.44,goin back,,,,,,,,3.692528736,12.77254189
6,316.625,286.2854478,0.132,beauty mark,,,,,,,,4.053030303,13.24683401
6,378.887605,281.8858993,0.74,love on the march,,,,,,,,-14.81442577,14.58003051
6,376.75,315.2180272,0.425,lie close,,,,,,,,-14.16666667,4.479385694
6,278.9477226,267.828311,0.473,cocaine cowboy,,,,,,,,15.4703871,18.83990575
6,333.6666667,268.794494,0.187,lullaby mountain,,,,,,,,-1.111111111,18.54712302
6,308.5475446,285.9745685,0.786,imaginary places,,,,,,,,6.500744048,13.34103986
6,330,292.4342949,0.202,shelter,,,,,,,,0,11.38354701
6,402.875,291.3319672,0.477,zzzonked,,,,,,,,-22.08333333,11.71758569
6,330,313.1977083,0.691,bombay,,,,,,,,0,5.091603535
6,206.25,239.098852,0.675,you really wake up the love in me,,,,,,,,37.5,27.54580241
6,297,326.6311287,0.436,youth,,,,,,,,10,1.020870076
6,381.3333333,299.9820795,0.303,north west three,,,,,,,,-15.55555556,9.096339535
6,334.5178571,279.2366947,0.939,other life,,,,,,,,-1.369047619,15.38281979
6,295.4107143,284.0286918,0.124,what would i want sky,,,,,,,,10.48160173,13.93069945
6,309.375,338.4656349,0.12,the world is a top,,,,,,,,6.25,-2.565343915
6,306.0444444,269.0510204,0.906,sleestak lightning,,,,,,,,7.259259259,18.46938776
6,326.49375,294.3554133,0.791,wicked man,,,,,,,,1.0625,10.80138991
6,299.75,290.0232143,0.309,eliza,,,,,,,,9.166666667,12.11417749
6,311.9165986,292.787963,0.636,honolulu blues,,,,,,,,5.479818594,11.27637486
6,430.9090909,283.0351563,0.264,souls of the evil departed,,,,,,,,-30.5785124,14.23177083
6,267,317.8030583,0.924,diver,,,,,,,,19.09090909,3.696042942
6,372.4761905,291.5897436,0.425,coming of age,,,,,,,,-12.87157287,11.63947164
6,282,276.7593685,0.508,dominos,,,,,,,,14.54545455,16.13352469
6,348.3988095,299.6898438,0.668,i wanna know,,,,,,,,-5.575396825,9.184895833
6,330,299.1657509,0.109,getting 2 the point,,,,,,,,0,9.343711844
6,266.0625,274.0277778,0.73,face,,,,,,,,19.375,16.96127946
6,277.1934524,280.2823508,0.629,your way or the highway,,,,,,,,16.00198413,15.06595429
6,319.5238095,298.0827142,0.971,cough pills,,,,,,,,3.174603175,9.671904778
6,207,301.746368,0.194,trapped in a basement,,,,,,,,37.27272727,8.561706655
6,357,275.9745137,0.495,all things return at night,,,,,,,,-8.181818182,16.37135947
6,332.75,271.1205357,0.93,frozen smiles,,,,,,,,-0.833333333,17.8422619
6,338.8333333,294.4310811,0.563,palana,,,,,,,,-2.676767677,10.77846028
6,263.8244048,280.3717201,0.708,planet rock,,,,,,,,20.05321068,15.03887269
6,165,318.3469019,0.466,creeper,,,,,,,,50,3.531241841
6,338.25,285.3237179,0.176,we sleep in the ocean,,,,,,,,-2.5,13.53826729
6,341.9777778,290.0653617,0.183,ghost in a kiss,,,,,,,,-3.62962963,12.10140554
6,353.4666667,313.0086264,0.498,the final incident,,,,,,,,-7.111111111,5.148901099
6,269.0769231,356.3382362,0.468,ulcer breakout,,,,,,,,18.46153846,-7.981283702
6,355.7539683,275.6917255,0.136,crown,,,,,,,,-7.804232804,16.45705289
6,253.4598214,266.349359,0.363,napalm brain scatter brain,,,,,,,,23.19399351,19.28807304
6,232.4347826,261.6842105,0.231,lucky boy,,,,,,,,29.56521739,20.70175439
6,307.0833333,288.1368039,0.343,big riff,,,,,,,,6.944444444,12.68581701
6,252.1342593,270.5534188,0.803,fly,,,,,,,,23.59567901,18.01411551
6,310.4619048,307.6803106,0.522,lonely,,,,,,,,5.920634921,6.763542255
6,322.4285714,286.9509637,0.817,when i find time,,,,,,,,2.294372294,13.04516251
6,330,268.402439,0.0357,twentytwofourteen,,,,,,,,0,18.66592757
6,313.5785714,261.875,0.328,guaranteed,,,,,,,,4.976190476,20.64393939
6,306.8705357,281.7189408,0.25,sing it shitface,,,,,,,,7.008928571,14.63062401
6,294.9196429,293.8519793,0.788,88,,,,,,,,10.63041126,10.95394565
6,285.4761905,262.5396341,0.383,familiar light,,,,,,,,13.49206349,20.44253511
6,312.6315789,315.7189153,0.318,country clutter,,,,,,,,5.263157895,4.327601411
6,247.3172043,294.155,0.357,123 goodbye,,,,,,,,25.05539264,10.86212121
6,308.1883041,292.4454545,0.373,moment 4 life,,,,,,,,6.60960482,11.38016529
6,330,278.8058833,0.6,ta det lugnt,,,,,,,,0,15.51336868
6,391.9404762,287.9090608,0.649,song so wrong,,,,,,,,-18.76984127,12.75483005
6,354.3571429,307.1083333,0.312,the dead stare,,,,,,,,-7.380952381,6.936868687
6,321.6316392,263.6071429,0.541,rambling through the avenues of time,,,,,,,,2.535866911,20.11904762
6,300.797619,303.9349421,0.825,my number,,,,,,,,8.849206349,7.898502389
6,335.5111607,273.8285751,0.435,feel alright,,,,,,,,-1.670048701,17.0216439
6,338.5673077,321.9217857,0.293,take me to the hospital,,,,,,,,-2.596153846,2.447943723
6,355.1428571,300.6361111,0.113,the face in the embryo,,,,,,,,-7.619047619,8.898148148
6,349.8,329.1833333,0.489,cream of the young,,,,,,,,-6,0.247474747
6,274.7467105,303.2890816,0.689,heartfelt,,,,,,,,16.74342105,8.094217687
6,304.6153846,298.43769,0.67,mind of war,,,,,,,,7.692307692,9.564336373
6,216.8269231,263.5408193,0.524,lonely richard,,,,,,,,34.29487179,20.13914566
6,329.5625,290.5508242,0.192,not adam jason forrest remix,,,,,,,,0.132575758,11.9542957
6,291.7512458,310.8565324,0.29,mr goodbar,,,,,,,,11.59053156,5.801050801
6,330,287.1179453,0.353,hangover bababa,,,,,,,,0,12.99456202
6,214.5,258.9316327,0.0998,sleep forever,,,,,,,,35,21.53586889
6,349.7612179,316.1146825,0.572,big night,,,,,,,,-5.988247863,4.207671958
6,231,302.8243603,0.113,pieces,,,,,,,,30,8.235042321
6,330,267.0438444,0.16,port antonio,,,,,,,,0,19.07762292
6,263.3125,275.721875,0.691,british columbia,,,,,,,,20.20833333,16.44791667
6,330,283.3459302,0.147,ci sono molti modi,,,,,,,,0,14.1375969
6,326.7916667,287.215301,0.431,meditation,,,,,,,,0.972222222,12.9650603
6,338.2953297,284.8231516,0.128,sacrifice,,,,,,,,-2.513736264,13.68995405
6,324.3763441,293.3049972,0.557,wheels,,,,,,,,1.704138156,11.11969781
6,303.7440476,264.989599,0.966,when they fight they fight,,,,,,,,7.956349206,19.70012152
6,407.7451389,268.1875,0.469,gone like the water,,,,,,,,-23.559133,18.73106061
6,337.5759804,273.9520503,0.465,one man,,,,,,,,-2.295751634,16.98422719
6,344.3657575,311.4273148,0.888,new application,,,,,,,,-4.353259859,5.62808642
6,320.6954887,321.0391156,0.56,siri open tinder,,,,,,,,2.819548872,2.715419501
6,181.5,295.3982794,0.583,brown eyed lady,,,,,,,,45,10.48536989
6,330,315.6077381,0.252,here it comes again,,,,,,,,0,4.361291486
6,226.05,277.7017637,0.397,ode to lrc,,,,,,,,31.5,15.8479504
6,342.6696429,285.5313492,0.0969,your weak hands,,,,,,,,-3.839285714,13.47534873
6,201.1166667,262.3996118,0.303,the greatest view,,,,,,,,39.05555556,20.48496612
6,330.6111111,310.3915907,0.332,closure,,,,,,,,-0.185185185,5.941942219
6,290.6979167,299.5056818,0.469,needle,,,,,,,,11.90972222,9.240702479
6,185.625,284.7407792,0.705,know me,,,,,,,,43.75,13.71491539
6,286.9114583,273.6407143,0.276,own stunts,,,,,,,,13.05713384,17.07857143
6,330,266.889881,0.191,my wife,,,,,,,,0,19.1242785
6,302.8439503,291.2529762,0.0787,werewolf,,,,,,,,8.229105963,11.74152237
6,198,288.2287143,0.0834,daisy,,,,,,,,40,12.65796537
6,346.0089286,296.7129563,0.392,takers,,,,,,,,-4.851190476,10.08698292
6,267.0769231,295.6128993,0.916,pave your way into tomorrow,,,,,,,,19.06759907,10.42033353
6,336.5639098,280.451393,0.262,blue velvet,,,,,,,,-1.989063568,15.0147294
6,399.3,286.6837302,0.957,me,,,,,,,,-21,13.12614238
6,354.725,295.2419951,0.222,glue,,,,,,,,-7.492424242,10.53272877
6,326.6047214,321.6875,0.704,royal flush,,,,,,,,1.028872303,2.518939394
6,300.2083333,279.5912429,0.221,a shelter a weapon,,,,,,,,9.027777778,15.27538093
6,308.515625,273.465831,0.538,feathers,,,,,,,,6.510416667,17.13156635
6,280.419697,303.8658815,0.641,vodka ayahuasca,,,,,,,,15.02433425,7.919429861
6,307.2142857,304.1144958,0.167,damage,,,,,,,,6.904761905,7.844092182
6,369.8035714,298.0430111,0.623,lousy connection,,,,,,,,-12.06168831,9.68393604
6,295.5494505,268.9564336,0.362,see her out,,,,,,,,10.43956044,18.49805043
7,312.125,291.122549,0.539,hisingen blues,,,,,,,,5.416666667,11.78104575
7,391.875,277.6217728,0.331,god takes care of the little things,,,,,,,,-18.75,15.87219006
7,382.4615385,287.725,0.0577,board up the house,,,,,,,,-15.8974359,12.81060606
7,324.1079696,257.4210048,0.777,thank youse,,,,,,,,1.785463765,21.9936349
7,339.2349462,297.1814815,0.276,life,,,,,,,,-2.798468557,9.945005612
7,309.0555556,289.6386261,0.0828,invasion,,,,,,,,6.346801347,12.23071936
7,299.8322511,289.8214286,0.548,gone tomorrow,,,,,,,,9.141742096,12.17532468
7,290.0333333,287.746118,0.906,ya man,,,,,,,,12.11111111,12.80420666
7,282.8425926,279.0996835,0.479,where do we go from here,,,,,,,,14.29012346,15.42433832
7,274.3793996,255.1672414,0.766,mix 2,,,,,,,,16.8547274,22.67659352
7,272.0826087,305.5020726,0.227,fresh as a sweet sunday morning,,,,,,,,17.55072464,7.423614349
7,404.5138889,306.4466801,0.419,this passing into the power of demons,,,,,,,,-22.57996633,7.137369673
7,300.8703704,313.6584416,0.155,a dream of water,,,,,,,,8.827160494,4.951987407
7,253,260.6702226,0.257,burred lens,,,,,,,,23.33333333,21.00902344
7,288.75,310.162892,0.085,glass bottom boat,,,,,,,,12.5,6.011244853
7,256.8823529,294.3471926,0.189,blackbird,,,,,,,,22.15686275,10.80388103
7,277.9211111,282.1953024,0.152,adrenaline,,,,,,,,15.78148148,14.48627199
7,277.55,287.4260379,0.283,2am,,,,,,,,15.89393939,12.90120065
7,299.4880952,273.0066865,0.628,great american nude,,,,,,,,9.246031746,17.27070106
7,415.9309524,312.7556548,0.293,christ deformed,,,,,,,,-26.03968254,5.225559163
7,293.90625,277.4359081,0.286,forgiveness,,,,,,,,10.9375,15.9285127
7,308.360119,285.5360942,0.731,piss off,,,,,,,,6.557539683,13.47391084
7,326.5661765,280.2968119,0.632,moochie,,,,,,,,1.040552585,15.06157214
7,303.1875,273.3814103,0.068,the lucky one,,,,,,,,8.125,17.15714841
7,321.3171296,275.0204365,0.33,lazy crossbones,,,,,,,,2.63117284,16.66047379
7,330,290.0058464,0.0922,e5150,,,,,,,,0,12.11944048
7,315.2713033,274.8502421,0.434,alienated,,,,,,,,4.463241437,16.71204784
7,329.3103175,279.9329427,0.545,do my thang,,,,,,,,0.208994709,15.17183554
7,446.4,275.8399177,0.666,you can make me feel bad,,,,,,,,-35.27272727,16.41214615
7,364.8047991,277.2517606,0.384,bitches,,,,,,,,-10.54690882,15.98431498
7,330,335.0833333,0.0864,672,,,,,,,,0,-1.54040404
7,361.625,277.2785714,0.724,drive,,,,,,,,-9.583333333,15.97619048
7,350.152193,268.6692982,0.778,pirates,,,,,,,,-6.106725146,18.58506114
7,318.9385965,301.3225437,0.502,forever begins,,,,,,,,3.351940457,8.690138267
7,268.5294118,302.8582755,0.181,recover,,,,,,,,18.62745098,8.224764987
7,278.7619048,276.5800658,0.445,longing and waiting,,,,,,,,15.52669553,16.18785886
7,322.3846154,305.3115079,0.391,teenage lightning,,,,,,,,2.307692308,7.481361231
7,340.3714286,294.525085,0.19,pretty ugly before,,,,,,,,-3.142857143,10.74997423
7,204.53125,291.3229663,0.237,a shield with an iron face,,,,,,,,38.02083333,11.72031325
7,322.7045455,274.9571712,0.112,dance to another tune,,,,,,,,2.210743802,16.67964509
7,278.6666667,297.6674819,0.0931,valerie,,,,,,,,15.55555556,9.797732762
7,458.3333333,252.9822995,0.98,hippopotamus,,,,,,,,-38.88888889,23.33869712
7,280.5,264.7022959,0.518,hamster suite,,,,,,,,15,19.78718306
7,314.75,284.1857639,0.73,mighty quinn,,,,,,,,4.621212121,13.88310185
7,334.5283333,281.1440281,0.352,the strangest thing,,,,,,,,-1.372222222,14.80483997
7,330,256.8115,0.139,untitled,,,,,,,,0,22.17833333
7,412.5,258.4915027,0.885,something in my soul,,,,,,,,-25,21.66924161
7,264,307.5905379,0.292,turn it out,,,,,,,,20,6.790746102
7,330,303.6424536,0.2,little fishes,,,,,,,,0,7.987135275
7,276,230.6597222,0.166,minor justice,,,,,,,,16.36363636,30.10311448
7,330,273.6559311,0.117,tea house moon,,,,,,,,0,17.07396027
7,330,291.4785338,0.533,smokers in love,,,,,,,,0,11.67317158
7,313.5675439,293.9410077,0.967,dem neva mek it,,,,,,,,4.979532164,10.92696738
7,401.5,296.3465107,0.126,property lines,,,,,,,,-21.66666667,10.19802707
7,299.75,294.4967725,0.382,you file,,,,,,,,9.166666667,10.75855379
7,344.1428571,270.7440476,0.189,fancy footwork laidback luke remix,,,,,,,,-4.285714286,17.95634921
7,330,247.6592069,0.547,vanilla minus,,,,,,,,0,24.9517555
7,381.3333333,300.1404247,0.957,working for vacation,,,,,,,,-15.55555556,9.048356158
7,241.8044372,267.4151003,0.927,strong,,,,,,,,26.72592811,18.96512114
7,311.5357143,307.9811862,0.0997,alone all the way,,,,,,,,5.595238095,6.672367811
7,297.8102679,293.3001894,0.104,elsewhere anchises,,,,,,,,9.754464286,11.12115473
7,242.6513158,307.2244412,0.464,i ve never been to me,,,,,,,,26.46929825,6.901684483
7,330,311.0694444,0.152,microgravity,,,,,,,,0,5.736531987
7,330,307.5915675,0.0979,molly aquafina,,,,,,,,0,6.790434103
7,319.7690476,270.8249678,0.526,hourglass,,,,,,,,3.1002886,17.93182793
7,332.6875,302.9029781,0.767,ghost dream,,,,,,,,-0.814393939,8.211218758
7,325.875,292.2364103,0.274,honestly,,,,,,,,1.25,11.44351204
7,310.5,260.1722973,0.209,east from west,,,,,,,,5.909090909,21.15990991
7,293.4130435,330.2173016,0.572,what i needed,,,,,,,,11.08695652,-0.065848966
7,385.7366152,286.0154597,0.711,dirtee cash,,,,,,,,-16.88988339,13.32864859
7,326.7,309.4180272,0.0394,fields of rape,,,,,,,,1,6.236961451
7,350.3385417,275.6444236,0.15,in winter still,,,,,,,,-6.163194444,16.4713868
7,418.808631,313.2725738,0.727,trying,,,,,,,,-26.91170635,5.068917018
7,296.5899123,274.893018,0.789,life itself,,,,,,,,10.12426901,16.69908545
7,282.8571429,281.749349,0.44,kingdom of rust,,,,,,,,14.28571429,14.62140941
7,330,273.4708016,0.692,killing time,,,,,,,,0,17.13006011
7,338.25,302.5914931,0.393,phoenix rising,,,,,,,,-2.5,8.305608165
7,314.1482143,248.6029412,0.233,need for speed,,,,,,,,4.803571429,24.6657754
7,203.0769231,308.6244118,0.461,yesterday today,,,,,,,,38.46153846,6.47745098
7,281.7934783,250.7881773,0.606,great blacks,,,,,,,,14.60803689,24.00358262
7,313.5,265.5006919,0.18,acorn factory,,,,,,,,5,19.54524488
7,358.0797619,329.6905102,0.457,relentless,,,,,,,,-8.509018759,0.093784787
7,307.2142857,309.1278665,0.322,ten women,,,,,,,,6.904761905,6.324888952
7,320.1607143,272.9008118,0.302,funerals release dates,,,,,,,,2.981601732,17.30278432
7,320.5714286,292.2378663,0.473,sara,,,,,,,,2.857142857,11.44307082
7,275.7857143,260.9577976,0.0823,full circle,,,,,,,,16.42857143,20.92187951
7,325.875,296.9324699,0.542,mercy,,,,,,,,1.25,10.02046366
7,372.1666667,263.8201848,0.523,star dream girl,,,,,,,,-12.77777778,20.05448946
7,259.2857143,289.9412916,0.914,desert,,,,,,,,21.42857143,12.13900255
7,369,288.9871795,0.0765,surface scratch,,,,,,,,-11.81818182,12.42812743
7,369.6,292.0800737,0.0347,teeth into red,,,,,,,,-12,11.49088676
7,292.2857143,270.9128993,0.4,the dancer disappears,,,,,,,,11.42857143,17.90518202
7,231,267.327381,0.546,electric suits cowboy boots,,,,,,,,30,18.99170274
7,260.075,297.4880952,0.803,haunted heart,,,,,,,,21.18939394,9.852092352
7,292.1111111,248.2085573,0.717,big brother,,,,,,,,11.48148148,24.78528565
7,330,288.1145604,0.911,complemento,,,,,,,,0,12.69255744
7,373.5114469,286.7195122,0.308,temple of sickness,,,,,,,,-13.18528694,13.11529933
7,408.1458333,271.3464286,0.833,share the words,,,,,,,,-23.68055556,17.77380952
7,366.2083333,320.5890152,0.198,slave to negativity,,,,,,,,-10.97222222,2.85181359
7,355.6666667,268.2593854,0.702,word by word,,,,,,,,-7.777777778,18.70927716
7,341.6875,329.9312865,0.521,so little to give,,,,,,,,-3.541666667,0.020822258
7,337.0942029,276.9404762,0.161,bear me away,,,,,,,,-2.149758454,16.07864358
7,345.296875,285.8244048,0.341,white magic,,,,,,,,-4.635416667,13.38654401
7,337.9815476,271.6463415,0.172,cabin fever,,,,,,,,-2.418650794,17.68292683
7,254.7,295.8057244,0.414,say that again,,,,,,,,22.81818182,10.36190169
7,326.8287954,246.1452402,0.497,gazzillion ear,,,,,,,,0.96097108,25.41053327
7,273.9,305.5072643,0.226,storm country,,,,,,,,17,7.422041111
7,365.0815972,320.9640293,0.656,forgive me being lost,,,,,,,,-10.63078704,2.738172938
7,201.6666667,273.5093284,0.791,salvation army,,,,,,,,38.88888889,17.11838535
7,330,306.3237385,0.921,4,,,,,,,,0,7.174624712
7,292.5209184,283.3309083,0.285,all i want for christmas,,,,,,,,11.35729746,14.142149
7,332.6190476,275.4488889,0.369,all systems red,,,,,,,,-0.793650794,16.53063973
7,363,310.5724629,0.534,not me,,,,,,,,-10,5.887132449
7,298.2692308,302.95671,0.317,lazy lover,,,,,,,,9.615384615,8.194936377
7,234.8076923,283.7279412,0.385,inar if you know the degree of my love for you,,,,,,,,28.84615385,14.02183601
7,273.335034,270.923081,0.376,burn remix,,,,,,,,17.17120181,17.90209666
7,316.6952381,296.9286423,0.449,past in present,,,,,,,,4.031746032,10.02162355
7,277.9071429,325.2298077,0.845,deeper than love,,,,,,,,15.78571429,1.445512821
7,302.15625,281.4287749,0.0441,twins,,,,,,,,8.4375,14.71855305
7,365.8285714,320.9861111,0.033,glass deers,,,,,,,,-10.85714286,2.731481481
7,282.8571429,258.4842614,0.397,psycho future,,,,,,,,14.28571429,21.67143595
7,253,293.9814469,0.353,two planets,,,,,,,,23.33333333,10.91471306
7,372.1666667,313.167129,0.473,fields of marigold,,,,,,,,-12.77777778,5.100870004
7,330,318.2838972,0.0708,pursuit,,,,,,,,0,3.550334169
7,377.4128788,294.2872899,0.522,school for scandal,,,,,,,,-14.36753903,10.82203336
7,353.542328,285.1718362,0.75,ted fucking williams,,,,,,,,-7.134038801,13.58429205
7,358.1875,316.2066545,0.961,waste the alphabet,,,,,,,,-8.541666667,4.17980168
7,367.0162338,301.2554487,0.871,all my life,,,,,,,,-11.21704054,8.710470085
7,330,278.385119,0.935,samba de janeiro,,,,,,,,0,15.64087302
7,330,309.7693798,0.467,the thing,,,,,,,,0,6.130490956
7,232.6666667,299.7177656,0.179,country cookie 3,,,,,,,,29.49494949,9.176434676
7,337.2575188,304.4484127,0.255,flat hand,,,,,,,,-2.19924812,7.742905243
7,267.9691043,279.2713343,0.55,cut the cake,,,,,,,,18.79724112,15.37232295
7,382.4136905,283.6755952,0.474,drive all night,,,,,,,,-15.88293651,14.03769841
7,331.8333333,307.1584821,0.587,the sound of young america,,,,,,,,-0.555555556,6.921672078
7,322.8303571,277.041514,0.358,one crowded hour,,,,,,,,2.172619048,16.04802605
7,227.3571429,283.733742,0.465,blank tapes,,,,,,,,31.1038961,14.02007818
7,321.0833333,295.0961538,0.334,age old blue,,,,,,,,2.702020202,10.57692308
7,277.2,293.7880991,0.615,capture,,,,,,,,16,10.97330332
7,259.5086207,249.3380696,0.175,redundant,,,,,,,,21.36102403,24.4430092
7,349.8,312.3081912,0.192,glaciers,,,,,,,,-6,5.361154186
7,363,283.7436602,0.862,porcupine or pineapple,,,,,,,,-10,14.01707267
7,328.625,307.8866264,0.311,miasma sky,,,,,,,,0.416666667,6.701022289
7,330,301.6673963,0.879,bubble bobble,,,,,,,,0,8.585637481
7,330,267.1168367,0.385,commercial break,,,,,,,,0,19.05550402
7,330,274.98,0.701,she just likes to fight,,,,,,,,0,16.67272727
7,300,280.8401099,0.231,still,,,,,,,,9.090909091,14.8969364
7,203.0769231,256.0534092,0.745,promise not to think about love,,,,,,,,38.46153846,22.40805783
7,286.5357143,306.7188193,0.574,gebbie street,,,,,,,,13.17099567,7.05490324
7,261.9375,290.0785714,0.18,my boy builds coffins,,,,,,,,20.625,12.0974026
7,278.5742857,281.0623898,0.937,stayin alive,,,,,,,,15.58354978,14.82957886
7,303.875,324.1001816,0.849,national parks,,,,,,,,7.916666667,1.787823758
7,330,268.9192177,0.0317,ouo,,,,,,,,0,18.50932797
7,268.5952381,283.6463964,0.278,jessica,,,,,,,,18.60750361,14.04654655
7,251.7548496,285.3381924,0.231,let me hit that,,,,,,,,23.71065163,13.53388108
7,495,292.7151228,0.796,forgive me,,,,,,,,-50,11.29844765
7,198.171875,249.4550493,0.719,tell me you love me,,,,,,,,39.94791667,24.40756083
7,330,290.1207265,0.282,harlem shake,,,,,,,,0,12.08462833
7,319,303.5175325,0.769,wool in the wash,,,,,,,,3.333333333,8.024990161
7,341.0785714,293.9199936,0.463,ever increasing circles,,,,,,,,-3.357142857,10.93333527
7,223.4795918,260.0462121,0.254,mimi song,,,,,,,,32.27891156,21.19811754
7,295.8011719,317.3297394,0.529,fork,,,,,,,,10.36328125,3.839472896
7,330,316.6258876,0.542,esperar,,,,,,,,0,4.052761341
7,245.1428571,264.0616135,0.69,this heart is a stone,,,,,,,,25.71428571,19.98132925
7,265.9642857,314.5877065,0.695,set the controls for the heart of the pelvis,,,,,,,,19.4047619,4.670391966
7,327.9198718,297.0827295,0.457,atop a cake,,,,,,,,0.63034188,9.974930464
7,360.2434524,290.6018967,0.197,in a while,,,,,,,,-9.16468254,11.93881918
7,341.7247024,295.8575581,0.721,bitchslap,,,,,,,,-3.552940115,10.3461945
7,273.1666667,291.9181667,0.148,voices from the top of the mountain,,,,,,,,17.22222222,11.53994949
7,300.797619,303.8394097,0.163,sex tourists,,,,,,,,8.849206349,7.927451599
7,351.0335714,292.8482804,0.541,blue times two,,,,,,,,-6.373809524,11.25809684
7,330,297.4880268,0.18,shallow ground,,,,,,,,0,9.852113085
7,253.3928571,288.6226484,0.668,french navy,,,,,,,,23.21428571,12.53859138
7,264.75,283.0745301,0.467,me and you,,,,,,,,19.77272727,14.21983937
7,401.3791209,294.1976453,0.237,spin the dial,,,,,,,,-21.63003663,10.84919839
7,542.609375,306.887967,0.342,global probing,,,,,,,,-64.42708333,7.003646354
7,237.4431818,292.0980373,0.26,magic mountain,,,,,,,,28.04752066,11.48544324
7,311.0119048,279.8616071,0.407,no one but you,,,,,,,,5.753968254,15.19345238
7,299.2895959,297.5565476,0.526,sparkle mr midnight mix,,,,,,,,9.306183064,9.831349206
7,298.5277778,281.9867127,0.608,rodeo,,,,,,,,9.537037037,14.54948098
7,371.5397135,289.6764925,0.0379,off off broadway,,,,,,,,-12.58779198,12.21924469
7,335.5611111,312.8166896,0.19,rattlesnakes smell like split cucumber,,,,,,,,-1.685185185,5.20706377
7,285.287037,273.819617,0.34,talk to me,,,,,,,,13.54938272,17.02435849
7,341,298.1988966,0.29,four walls,,,,,,,,-3.333333333,9.63669799
7,291.6964286,319.8165175,0.895,got old,,,,,,,,11.60714286,3.085903779
7,259.0107143,292.1732955,0.707,firebomb,,,,,,,,21.51190476,11.46263774
7,313.7619048,281.7013393,0.404,dear justice letter,,,,,,,,4.920634921,14.63595779
7,364.6885965,312.5782967,0.707,kemosabe,,,,,,,,-10.51169591,5.279304029
7,246.125,276.1374092,0.485,southern nights,,,,,,,,25.41666667,16.32199721
7,275.7857143,297.8878311,0.662,wintertime love,,,,,,,,16.42857143,9.730960279
7,353.5277778,311.562256,0.157,traveling,,,,,,,,-7.12962963,5.587195136
7,314.75,262.6798246,0.34,to the east,,,,,,,,4.621212121,20.40005316
7,301.4545455,291.4444444,0.155,man and wife the former financial planning,,,,,,,,8.650137741,11.68350168
7,254.3469388,270.1325397,0.361,kiss of life,,,,,,,,22.92517007,18.14165464
7,392.1923077,316.2857143,0.398,the rest of you,,,,,,,,-18.84615385,4.155844156
7,299.3452381,287.933171,0.0776,angel cum clean,,,,,,,,9.289321789,12.74752394
7,299.75,273.7011742,0.554,change of heart,,,,,,,,9.166666667,17.06025025
7,302.6571429,286.4304029,0.312,time moves slow,,,,,,,,8.285714286,13.2029082
7,385.6111111,297.8210227,0.0378,a violent sky,,,,,,,,-16.85185185,9.751205234
7,388.6666667,310.7207207,0.591,sin city,,,,,,,,-17.77777778,5.842205842
7,434.5,285.4946429,0.0705,vacant grave,,,,,,,,-31.66666667,13.48647186
7,259.7777778,267.9153226,0.254,a new love can be found,,,,,,,,21.27946128,18.81353861
7,239.25,281.0363014,0.812,return of white rabbit,,,,,,,,27.5,14.83748443
7,326.6153846,281.2978395,0.455,before the world was big,,,,,,,,1.025641026,14.75823045
7,332.9010989,293.7659799,0.108,california,,,,,,,,-0.879120879,10.98000611
7,300.6666667,327.1456294,0.419,o little town of bethlehem,,,,,,,,8.888888889,0.864960797
7,320.122449,285.258658,0.893,evident utensil,,,,,,,,2.993197279,13.55798242
7,297.825,274.4619883,0.562,she never understood,,,,,,,,9.75,16.82970051
7,406.2916667,283.8880719,0.947,sister of pearl,,,,,,,,-23.11868687,13.97331155
7,332.5420168,280.4775376,0.408,welcome home sanitarium,,,,,,,,-0.770308123,15.00680679
7,259.9241071,303.7544643,0.322,marie cherie,,,,,,,,21.23511905,7.953192641
7,404.0884921,294.8563853,0.179,lots,,,,,,,,-22.4510582,10.64958022
7,283.1190476,287.1538149,0.959,let it snow,,,,,,,,14.20634921,12.98369244
7,272.765625,286.5822945,0.905,epoxy for example,,,,,,,,17.34375,13.15688046
7,270.7941176,295.9352345,0.144,idioteque,,,,,,,,17.94117647,10.3226562
7,306.5621693,256.8717532,0.43,lord knows,,,,,,,,7.102372936,22.16007477
7,330,264.4281136,0.103,rattler,,,,,,,,0,19.87026862
7,268.4825,260.8298834,0.594,on the grind homie,,,,,,,,18.64166667,20.9606414
7,266.3833333,283.4114286,0.89,oh yeah,,,,,,,,19.27777778,14.11774892
7,294.9375,295.2048611,0.898,this little light of mine,,,,,,,,10.625,10.54398148
7,364.1052632,266.0906832,0.793,sensoria,,,,,,,,-10.33492823,19.36645963
7,307.4563492,270.8171053,0.834,dr bombay,,,,,,,,6.831409331,17.93421053
7,384.7904762,287.3821925,0.588,slide on u,,,,,,,,-16.6031746,12.91448713
7,138.1875,319.3251082,0.832,reference point zero,,,,,,,,58.125,3.234815689
7,312.3214286,294.403826,0.932,wishing,,,,,,,,5.357142857,10.7867194
7,363,289.068715,0.855,marzipan,,,,,,,,-10,12.4034197
7,355.9285714,294.5124031,0.531,strawberry skies,,,,,,,,-7.857142857,10.75381724
7,333.5357143,281.4821429,0.551,500 miles away from home,,,,,,,,-1.071428571,14.70238095
7,294.25,290.2892857,0.0564,the thorn in my side is gone alternate version,,,,,,,,10.83333333,12.03354978
7,294.9178571,280.7519106,0.779,the biz grasshopper experiment,,,,,,,,10.63095238,14.92366344
7,340.6121795,299.6223214,0.329,drove me to the wall,,,,,,,,-3.215811966,9.205357143
7,350.1155462,282.3159251,0.123,another rainy day,,,,,,,,-6.095620066,14.44971968
7,342.4558824,255.2037252,0.156,bad blood better,,,,,,,,-3.774509804,22.66553782
7,271.0714286,291.6562684,0.0711,daylight and the sun,,,,,,,,17.85714286,11.61931259
7,284.1268519,270.9957983,0.658,silver timothy,,,,,,,,13.90095398,17.88006112
7,271.0549451,261.786794,0.882,for your heart,,,,,,,,17.86213786,20.67066848
7,405.6642857,290.8595095,0.435,goin out of my head,,,,,,,,-22.92857143,11.86075471
7,305.4757653,278.9075261,0.705,the craft,,,,,,,,7.431586271,15.48256784
7,270.1111111,300.7381324,0.158,holland,,,,,,,,18.14814815,8.867232617
7,310.2857143,308.3173333,0.266,4:00 AM,,,,,,,,5.974025974,6.570505051
7,216.8375,282.7425303,0.218,street woods,,,,,,,,34.29166667,14.32044535
7,294.9375,297.7507215,0.644,thwart by thwart,,,,,,,,10.625,9.772508636
7,347.2857143,330.3554688,0.333,no hassle night,,,,,,,,-5.238095238,-0.107717803
7,320.715812,286.0178965,0.209,ready,,,,,,,,2.813390313,13.32791014
7,351.7623457,309.7321789,0.857,sleeping through heaven,,,,,,,,-6.594650206,6.14176396
7,286,271.1240385,0.204,if it hurts,,,,,,,,13.33333333,17.84120047
7,332.4388889,256.0741379,0.21,cry,,,,,,,,-0.739057239,22.40177638
7,288.6714286,297.9093383,0.761,the hair song,,,,,,,,12.52380952,9.724442945
7,288.75,299.3755848,0.04,city of dreams,,,,,,,,12.5,9.28012582
7,284.625,303.2969697,0.132,rainbow,,,,,,,,13.75,8.091827365
7,308.3235294,263.0759821,0.37,two sitting ducks,,,,,,,,6.568627451,20.28000541
7,330,295.2813385,0.639,portuguese solid summer,,,,,,,,0,10.52080652
7,528,280.0914723,0.284,tradition,,,,,,,,-60,15.12379627
7,366.1666667,287.9174528,0.666,low down soul,,,,,,,,-10.95959596,12.75228702
7,246.8944099,283.8613248,0.488,final home,,,,,,,,25.18351214,13.98141673
7,302.7619048,267.287415,0.315,staples,,,,,,,,8.253968254,19.00381365
7,330,266.735481,0.356,corcovado,,,,,,,,0,19.17106636
7,304.5002904,239.2488806,0.45,new religion,,,,,,,,7.727184739,27.50033921
7,267.5,309.8414502,0.0755,shape,,,,,,,,18.93939394,6.10865145
7,330,260.7234043,0.333,11 januari,,,,,,,,0,20.9929078
7,275,267.4485348,0.205,i cover the waterfront,,,,,,,,16.66666667,18.95498945
7,318.8738095,299.7115385,0.0734,promises,,,,,,,,3.371572872,9.178321678
7,297.1702381,284.1395042,0.572,perfected on puritan ave,,,,,,,,9.948412698,13.89711993
7,462,268.0771858,0.164,your blues,,,,,,,,-40,18.76448915
7,299.1607143,289.6172507,0.461,lawman,,,,,,,,9.345238095,12.23719677
8,240.4285714,284.3970588,0.385,tennessee blues,,,,,,,,27.14285714,13.81907308
8,289.6339286,264.4962585,0.41,beautiful people,,,,,,,,12.23214286,19.84961864
8,363,271.064721,0.424,ativan,,,,,,,,-10,17.85917547
8,292.25,302.3188202,0.053,he who breeds pestilence,,,,,,,,11.43939394,8.388236296
8,280.5,304.5694686,0.198,dmt song,,,,,,,,15,7.706221624
8,268.3676471,304.8185038,0.335,get with you and get high,,,,,,,,18.67647059,7.630756418
8,283.8611111,278.6595899,0.15,some other time,,,,,,,,13.98148148,15.55770002
8,308.2095238,270.4013889,0.965,cumberland gap,,,,,,,,6.603174603,18.06018519
8,255.75,306.4373656,0.201,papi pacify,,,,,,,,22.5,7.140192245
8,211.97,296.7578869,0.591,superstar wonderful weirdos,,,,,,,,35.76666667,10.0733676
8,330,284.9286837,0.438,sun,,,,,,,,0,13.65797462
8,306.737619,271.5678571,0.651,fandango,,,,,,,,7.049206349,17.70670996
8,330,289.9345885,0.699,milk man,,,,,,,,0,12.14103379
8,204.057971,286.2229953,0.303,love hurts,,,,,,,,38.16425121,13.265759
8,271.692029,269.0735507,0.68,freaky freaky,,,,,,,,17.66908213,18.46256039
8,349.2833333,297.7282014,0.318,bed bugs,,,,,,,,-5.843434343,9.779332904
8,391.1482143,307.380096,0.263,little girl blue,,,,,,,,-18.5297619,6.854516368
8,325.7404528,299.6552308,0.641,uv,,,,,,,,1.290771876,9.195384615
8,298.9038462,295.3161064,0.0359,color of blood,,,,,,,,9.423076923,10.51027077
8,254.1,286.9153904,0.434,on the line,,,,,,,,23,13.05594231
8,285.4761905,288.8798268,0.563,mindkilla,,,,,,,,13.49206349,12.46065853
8,303.073913,296.872992,0.891,robin egg blue,,,,,,,,8.15942029,10.03848728
8,309.0595238,265.5290453,0.829,working in a goldmine,,,,,,,,6.345598846,19.53665295
8,80.12745098,298.1790438,0.296,a beautiful woman,,,,,,,,75.71895425,9.642713988
8,262.625,273.0029762,0.207,black boy,,,,,,,,20.41666667,17.2718254
8,350.1953125,290.7963251,0.113,the light before we land,,,,,,,,-6.119791667,11.8799015
8,374,291.571588,0.115,fade away,,,,,,,,-13.33333333,11.64497334
8,395.0833333,317.6283466,0.682,expensive shit,,,,,,,,-19.72222222,3.748985891
8,296.0787037,286.9063051,0.369,lookin in,,,,,,,,10.2791807,13.05869542
8,319,258.861763,0.855,my baby just cares for me,,,,,,,,3.333333333,21.5570415
8,330,322.1594767,0.403,ipacial section,,,,,,,,0,2.375916163
8,212.85,282.5920559,0.151,sweet and lovely,,,,,,,,35.5,14.36604368
8,256.3392857,295.4858245,0.853,think about it,,,,,,,,22.32142857,10.45884106
8,286.48125,286.2708383,0.19,alice,,,,,,,,13.1875,13.25126111
8,519.9924812,264.4838635,0.448,bad seeds,,,,,,,,-57.57347915,19.85337471
8,331.9642857,303.3825453,0.135,shoeing the bones,,,,,,,,-0.595238095,8.065895372
8,330,285.6696756,0.094,dejenme llorar,,,,,,,,0,13.43343165
8,375.6185714,279.8190499,0.522,the return,,,,,,,,-13.82380952,15.20634851
8,404.25,286.1448768,0.202,the quest for equilibrium,,,,,,,,-22.5,13.28943126
8,233.2916667,264.6875,0.602,homesick,,,,,,,,29.30555556,19.79166667
8,339.2194519,300.0142857,0.12,the ballad of the costa concordia,,,,,,,,-2.793773313,9.086580087
8,192.4408602,266.8096764,0.433,love to love you baby,,,,,,,,41.68458781,19.1485829
8,350.35,285.7324223,0.893,bubbles in my beer,,,,,,,,-6.166666667,13.41441747
8,325.2857143,301.1013684,0.703,heroes and martyrs,,,,,,,,1.428571429,8.757161102
8,316.3377072,329.4906136,0.381,numb to the guns,,,,,,,,4.140088712,0.154359529
8,259.875,272.9709117,0.647,flowers,,,,,,,,21.25,17.28154192
8,288.4444444,268.5595238,0.688,bulletproof love,,,,,,,,12.59259259,18.61832612
8,332.0625,302.1863742,0.628,hollywood forever cemetery sings,,,,,,,,-0.625,8.428371447
8,300.2618056,280.202152,0.378,endangered species,,,,,,,,9.011574074,15.09025697
8,330,285.4534452,0.0968,count five or six,,,,,,,,0,13.49895601
8,368.8208333,274.800854,0.417,cold spring,,,,,,,,-11.76388889,16.72701393
8,318.8232143,271.4624294,0.229,used to be,,,,,,,,3.386904762,17.73865776
8,302.5501302,283.7630463,0.967,no 4,,,,,,,,8.318142361,14.01119809
8,330,277.2905547,0.0397,the department of dead letters,,,,,,,,0,15.97255919
8,337.2416667,313.4301097,0.105,your love means everything,,,,,,,,-2.194444444,5.021178884
8,332.3571429,307.6801168,0.143,dead beat,,,,,,,,-0.714285714,6.763600982
8,273.2059524,308.810559,0.217,for those about to rock,,,,,,,,17.21031746,6.421042725
8,304.3333333,272.1947876,0.0388,saint nothing,,,,,,,,7.777777778,17.51673102
8,241.2753968,313.1486111,0.567,love will tear us apart,,,,,,,,26.88624339,5.106481481
8,297,255.6306159,0.555,running,,,,,,,,10,22.53617699
8,344.4833333,281.2077895,0.515,you fell apart,,,,,,,,-4.388888889,14.78551832
8,288,285.2644578,0.814,jesus,,,,,,,,12.72727273,13.5562249
8,318.6675824,277.1605168,0.506,never be mine,,,,,,,,3.434065934,16.01196461
8,330.1617647,294.3530966,0.402,i felt the chill before the winter came,,,,,,,,-0.049019608,10.80209193
8,281.951087,311.6362554,0.664,history eraser,,,,,,,,14.56027668,5.564771087
8,272.0064286,307.362594,0.342,a cowards existence,,,,,,,,17.57380952,6.859820005
8,325.547619,289.3886171,0.585,uncle al,,,,,,,,1.349206349,12.30647967
8,314.875,288.7834008,0.633,kitty kat,,,,,,,,4.583333333,12.48987854
8,240.0419501,283.6416667,0.528,both sides now,,,,,,,,27.26001512,14.0479798
8,445.5,296.2588156,0.157,hated sunday,,,,,,,,-35,10.22460135
8,277.0079365,293.5505952,0.0465,telepath,,,,,,,,16.05820106,11.04527417
8,368.0416667,278.1110806,0.371,falling at your feet,,,,,,,,-11.52777778,15.72391497
8,303.6,298.264418,0.242,after the meteor showers,,,,,,,,8,9.616843034
8,234.2352941,298.2376302,0.36,game of diamonds,,,,,,,,29.01960784,9.624960543
8,330,274.1607143,0.0487,six days at the bottom of the ocean,,,,,,,,0,16.92099567
8,336.6349206,307.4726378,0.547,sink,,,,,,,,-2.010582011,6.8264734
8,296.8690476,276.7875,0.613,no one does it like you,,,,,,,,10.03968254,16.125
8,275,278.1853002,0.435,un amico,,,,,,,,16.66666667,15.70142418
8,387.2305556,304.5210145,0.481,artificial death in the west,,,,,,,,-17.34259259,7.720904699
8,399.0380952,294.0880037,0.483,i cry night after night,,,,,,,,-20.92063492,10.88242313
8,184.8,294.5029762,0.406,fire and the thud,,,,,,,,44,10.75667388
8,269.8055556,299.7786575,0.693,hey cool kid,,,,,,,,18.24074074,9.15798258
8,306.9305556,272.7534562,0.158,outside with the cuties,,,,,,,,6.990740741,17.34743751
8,357.5,282.8159722,0.0612,nuit 17 a 52,,,,,,,,-8.333333333,14.29819024
8,360.25,293.2012363,0.225,sea lungs,,,,,,,,-9.166666667,11.15114053
9,270,262.1677582,0.815,can you get to that,,,,,,,,18.18181818,20.55522479
9,223.4210526,277.8642113,0.347,headache,,,,,,,,32.29665072,15.79872385
9,346.9583333,272.8180627,0.0985,i walk a little faster,,,,,,,,-5.138888889,17.32785979
9,253.0491071,290.2436756,0.711,two sevens clash,,,,,,,,23.31845238,12.04737103
9,261.25,270.7579154,0.0396,tunnel of trees,,,,,,,,20.83333333,17.95214685
9,253.0626984,291.5919711,0.577,my dream,,,,,,,,23.31433381,11.63879663
9,396.754902,285.4798111,0.162,woods,,,,,,,,-20.22875817,13.49096635
9,66,263.1403247,0.323,tugboat,,,,,,,,80,20.26050767
9,333.3020147,299.7819581,0.812,jolene,,,,,,,,-1.000610501,9.156982385
9,336.9473684,311.1072404,0.307,4 degrees,,,,,,,,-2.105263158,5.725078655
9,317,290.0245472,0.549,reflections after jane,,,,,,,,3.939393939,12.11377358
9,338.0882353,293.3600509,0.377,hymn for the chosen ones,,,,,,,,-2.450980392,11.10301488
9,310.4097477,273.5312135,0.571,rebirth of slick,,,,,,,,5.936440103,17.1117535
9,314.4166667,294.0965682,0.27,from the devil to the deep blue sky,,,,,,,,4.722222222,10.87982782
9,313.6309524,296.1972789,0.512,hindsight,,,,,,,,4.96031746,10.24324881